{"cameraMode":{"drawMode":0,"name":"Shaded","section":"Shading Mode"},"sceneLighting":true,"audioPlay":false,"sceneViewState":{"m_AlwaysRefresh":false,"showFog":true,"showSkybox":true,"showFlares":true,"showImageEffects":true,"showParticleSystems":true,"showVisualEffectGraphs":true,"m_FxEnabled":true},"in2DMode":false,"pivot":{"x":6.723852157592773,"y":-7.942287921905518,"z":3.4420390129089357},"rotation":{"x":-0.1722055971622467,"y":0.25790321826934817,"z":-0.046783819794654849,"w":-0.9496143460273743},"size":2.8209664821624758,"orthographic":true}